,min_char,max_char,letter,password,count,correct
0,1,9,x,xwjgxtmrzxzmkx,4,True
1,4,6,r,rrrkrgr,5,True
2,4,5,v,vvfvvvn,5,False
3,5,16,m,pxmrtmbmqmcldmmm,7,True
4,15,16,s,bsshsszslssssslqdsss,13,False
5,10,12,g,gggggggggzgvg,11,True
6,2,7,n,dntnrng,3,True
7,11,14,j,xrjflbmjszzjbjjh,5,False
8,2,6,r,frxrrrfjnmr,5,True
9,6,7,h,hplhgcsphh,4,False
10,4,5,w,wwwwz,4,False
11,1,6,g,ggdggnggg,7,False
12,3,4,c,cccc,4,False
13,5,8,k,kjgmkkfwxkwqkkgfnv,6,True
14,14,15,h,xpwhdjhhjhrdjkhfh,6,False
15,6,7,g,vgggggdhgsp,6,False
16,1,3,r,rtdcrthphrkzxh,3,False
17,15,16,j,jjjjjjstjjjjhjjjjj,15,False
18,8,10,k,kkkkpkkqkv,7,False
19,1,4,s,sssssj,5,False
20,2,3,d,hdbmbpswddwkkr,3,False
21,6,7,s,ssscssnss,7,False
22,8,9,z,zzzzzzzftz,8,False
23,7,8,t,glwvkgtn,1,False
24,3,10,n,nnnnnnnnnnn,11,False
25,5,7,z,lzzzzfhj,4,False
26,8,9,l,llllllltn,7,False
27,1,2,p,dpcppp,4,False
28,2,5,d,hcfdltbgt,1,False
29,13,16,r,rrdrrqrrrrrsbrrr,12,False
30,7,16,l,lllltllllllllllllrll,18,False
31,9,14,z,vzzzpzfzdzzzzzzfczz,13,True
32,3,5,f,ffffb,4,True
33,6,8,s,csssssjrbdsgs,7,True
34,9,18,r,rrrrrrbrrrjzdrrrcrr,14,True
35,2,5,d,fdzxdj,2,False
36,13,14,c,cclcccccccccmc,12,False
37,9,10,z,zzvszszjbnzzz,7,False
38,5,9,s,ssqshwsss,6,True
39,4,11,x,hxxxxjvdxcqplp,5,True
40,4,6,t,mxtrtttttttttt,11,False
41,3,8,w,wmwwwnbmtw,5,True
42,5,6,x,xsczxd,2,False
43,2,7,w,pwvtgkwwwrpjr,4,True
44,7,9,w,wwwwwwwwj,8,True
45,3,9,h,hhhhbhhhschhh,10,False
46,1,4,p,tlwx,0,False
47,4,5,w,lhzjwwwwmv,4,False
48,6,7,p,ppppglprp,6,False
49,2,16,m,jqmmmmmzmmmmmjmbxmw,12,True
50,8,10,g,zhggpgrrlctggg,6,False
51,7,18,z,pltbcznlvtzgzczzchbz,6,False
52,10,11,t,jttttgtttttt,10,False
53,3,8,k,kkkkkkkkkkk,11,False
54,19,20,x,xxxxxxxxxxxxxxxxxxwr,18,False
55,9,16,l,llllllflllllxpllzl,14,True
56,10,12,m,mmjmmmmmmvms,9,False
57,1,4,c,cdxvxczcc,4,False
58,7,10,n,nnnnfnvpncn,7,False
59,10,17,z,zszzzrzczxzfzzzzlz,12,True
60,4,9,k,kkkdkkkkfk,8,True
61,12,13,m,mmgmmqfgmmtmm,8,False
62,4,6,s,tdmmcs,1,False
63,10,16,n,nkfpnncncnnntmtc,7,False
64,2,3,w,vwhwf,2,False
65,7,17,w,wwfwwwqhwwwwcwwww,13,True
66,5,8,q,tkqrtqqsqkwq,5,False
67,9,10,p,ptpppppppd,8,False
68,1,5,f,cnncnmnf,1,False
69,2,9,k,kkjdsnsqkgprtqb,3,True
70,9,11,n,nplnnnnnnnmnn,10,True
71,4,6,r,rrkrzrr,5,True
72,3,5,z,zzzzsq,4,True
73,17,18,r,rrrrrrrrrrrrrrrrrx,17,False
74,5,8,c,rcccdcclc,6,True
75,1,9,c,vcccccccbc,8,True
76,9,10,x,xxxxcbxxxm,7,False
77,2,5,c,cccfn,3,True
78,8,9,c,cccccnctc,7,False
79,4,8,l,flrhfzwllm,3,False
80,1,5,l,fllfllrklx,5,False
81,5,10,j,jrjkrjjjjxgjqj,8,True
82,5,10,v,dsxvmvvjtsc,3,False
83,4,6,v,bsqvdghvnzdfvjcfvvv,6,False
84,6,11,m,mmmmmmmmmmpm,11,False
85,6,9,q,qqgqkcccsgqqjspj,5,False
86,2,5,n,nvsrc,1,False
87,14,15,n,nnnnnnnnnnnbnms,12,False
88,3,4,m,mmbm,3,False
89,3,11,h,hhbhhhhhhhhhhhhhhhh,18,False
90,7,9,k,kkkkbknkjv,6,False
91,11,15,g,ggvgggfgbgvvzjgxghgg,11,False
92,3,4,z,zzzz,4,False
93,2,5,w,wwwhww,5,False
94,9,14,j,jjjjjjjjtjjjjw,12,True
95,2,4,j,jjbljsj,4,False
96,6,9,w,bwtkbttwqvwk,3,False
97,1,3,l,lllpjl,4,False
98,9,10,g,ggfmggggsrggggg,11,False
99,3,5,t,ttwzxl,2,False
100,5,7,k,kkwtbckkk,5,False
101,9,11,r,rbgrrhrrrrrr,9,False
102,9,12,g,ggggggsggglnggg,12,False
103,1,5,b,bbbwjs,3,True
104,6,7,m,xkjmdmm,3,False
105,6,8,g,gggggwgw,6,False
106,12,15,v,vrvvvqvvpvzvvvvrhqv,12,False
107,15,17,s,hsnjsrsdxpjswsxsss,8,False
108,9,12,r,rnhnrrsrrrrr,8,False
109,1,3,d,ddnd,3,False
110,1,11,m,mmtxkcdrvcmx,3,True
111,1,18,k,kxkkkskkkkkktkkmkc,13,True
112,5,9,h,vfxhhshhvhhbhr,7,True
113,2,3,k,wtrcckttcqrj,1,False
114,2,7,q,wnqcqqxw,3,True
115,1,9,s,sqsssslsssssssssss,16,False
116,4,6,p,mwvpppzp,4,False
117,1,4,v,qlvnvv,3,True
118,10,11,z,lzzzzzzzznt,8,False
119,2,14,q,qwqqqqqqqqqqqfqqr,14,False
120,15,20,d,dddddzddddddddlddddt,17,True
121,11,15,m,fvsqwbnqmbnmgcm,3,False
122,3,4,c,fncnfdjzcxwbpcrn,3,False
123,4,7,z,jsxzzszzqtwzmcznfs,6,True
124,5,6,x,glxxxxrxfxxwl,7,False
125,5,13,b,pdbvhwjwnbdwbrbbjwf,5,False
126,7,8,h,hhthhhvvt,5,False
127,8,11,f,pfffffxffpbf,8,False
128,5,6,n,ndtlxnnnqdmcnv,5,False
129,10,12,s,sssssswssdshssss,13,False
130,15,16,s,ssssssssssqsssss,15,False
131,4,5,s,sssss,5,False
132,3,4,g,ggggg,5,False
133,3,4,c,ccjv,2,False
134,7,12,v,rrrngfwhslsbpvbmwnn,1,False
135,4,10,n,nxnbnnnbxnnn,8,True
136,7,15,d,fggdddpgslqgdwhdndw,6,False
137,6,10,h,hhzzghhfdchhjnm,6,False
138,8,9,c,cccccccnc,8,False
139,9,10,h,hhhhhhhhll,8,False
140,2,16,w,nwfwwwzwvrbmwwww,9,True
141,10,13,k,kkkksjkkskqtkkmkknks,12,True
142,4,9,f,fffwfffbkc,6,True
143,4,11,v,gcfkvvvvfvv,6,True
144,2,5,l,llflftlmlglc,6,False
145,7,10,l,llldljllgsbl,7,False
146,10,19,g,svcsnlshppvrxzghhzg,2,False
147,3,8,d,dddwdzvmddd,7,True
148,3,5,m,kpmmjpmmmdz,5,False
149,13,14,n,nnnnnnnnnnnnns,13,False
150,3,8,b,bkbbbbbbbbbbbbbd,14,False
151,2,4,g,jghfggh,3,True
152,8,11,m,mmmmmmrmmmm,10,True
153,9,12,j,pbjjpjnjxjjfsjzsjps,8,False
154,6,7,r,rrrrrrrr,8,False
155,8,13,v,vvvvvvvbbvvvvvw,12,True
156,4,17,p,tpppppprzpspbpplppr,12,True
157,2,3,h,wbhhzxhllh,4,False
158,2,15,c,nvbcckcpccrtccwccsc,10,True
159,12,13,j,jjjjjjjjjjjzhj,12,False
160,4,10,p,dznzpnxzppl,3,False
161,5,8,r,jrrrsrrrrr,8,False
162,7,10,q,gjqjcqqqqsqfqqq,9,True
163,8,12,k,kkkkkkkkkkkg,11,True
164,3,14,m,mmtmmmmmmmmmmmmmm,16,False
165,3,12,t,khgttqtcltshttwqgt,7,True
166,14,15,b,bbbbbbbbbbbbbqb,14,False
167,14,15,f,fffqfmffpnffffg,10,False
168,5,16,j,jlghwmmrbdvdfjbj,3,False
169,7,8,v,vvkbvvrv,5,False
170,2,11,m,qmcgxcshgwmfm,3,True
171,11,12,m,cmmmzfmcmmzmmmmjmr,11,False
172,6,7,n,hnnbnnnw,5,False
173,4,8,m,mvdtmstm,3,False
174,4,7,m,bcrmmjbpmmmsdnrmm,7,False
175,1,4,w,wwwww,5,False
176,12,14,j,jjjjjjjjjjjrjhj,13,True
177,2,9,h,ghhczbhblx,3,True
178,2,11,v,vmvvvvvggvjpvchvvpc,10,True
179,6,7,f,ffwfflghpwfl,5,False
180,3,14,k,krkmjkgkzcckjbkkk,8,True
181,1,2,c,cfcp,2,False
182,15,17,z,ztzzzdzzzzzzzzzzt,14,False
183,4,13,p,bmrpdwphzqvppktz,4,False
184,4,5,j,jjvjtj,4,False
185,14,20,h,hvchvhhhhbhthlhhhhhh,14,False
186,1,3,j,kqjp,1,False
187,9,13,x,fsxxxkxxbpkxmhlrdtfx,7,False
188,13,14,w,wwpxwwwwwwgtwwcwwww,14,False
189,2,5,p,wppxkq,2,False
190,13,15,x,xxxzxxxbxxxxxxvxs,13,False
191,5,11,q,qvqqqqxqqqqfqqq,12,False
192,8,12,q,qqqqqqqvqqqq,11,True
193,8,10,m,mmmmmmmjmn,8,False
194,17,18,t,ttttrttttsttttttttt,17,False
195,9,13,h,hhhhhqhjlvhhqhhwh,11,True
196,8,9,s,ssssshsst,7,False
197,9,10,v,qvvtvsvcmzvvnpgvv,8,False
198,7,12,d,djcpndppsdddfdsdd,8,True
199,2,3,z,dgzwvbrzzbgw,3,False
200,1,4,k,kwkl,2,True
201,1,9,d,dkdmdsdwdzvlpv,5,True
202,10,11,h,hhhhhhhhhhh,11,False
203,9,10,f,ffffffffff,10,False
204,4,7,d,ssddddxp,4,False
205,18,19,j,jjjjjjjjjjjjjjjjjsj,18,False
206,7,11,m,mkmmrmmlrzsmgm,7,False
207,1,7,k,kkkkkkknk,8,False
208,4,5,w,wwwwj,4,False
209,6,13,s,xslmsfgsssssmslsstqd,10,True
210,4,5,z,zzzch,3,False
211,9,11,j,jjjjjjjjjjj,11,False
212,4,7,h,hjhhkdh,4,False
213,5,14,v,vvvvglvvdvvvvv,11,True
214,5,6,q,shqnjdqqq,4,False
215,1,5,q,dqqqq,4,True
216,5,7,z,zzznzzz,6,True
217,5,9,s,vwsfsxssd,4,False
218,4,5,f,sffffv,4,False
219,5,7,b,xllbbdb,3,False
220,1,14,j,rtzjqkpnkjlrhjcjqj,5,True
221,8,10,w,wwwwwwwfwxz,8,False
222,3,6,g,sggtlggswf,4,True
223,11,14,n,nnbnnncnnsgnnmknn,11,False
224,6,15,c,cclcnccctcrcxqmd,8,True
225,5,8,l,lmllxwpl,4,False
226,4,11,p,pppppppcpkdp,9,True
227,1,4,w,zwwx,2,True
228,1,3,g,nlfpgfzqkzn,1,False
229,11,12,w,vbwwgwvwrwlwwmwwwjw,11,False
230,4,12,j,vzfjgjrkzdrxqfh,2,False
231,1,2,r,frrq,2,False
232,1,4,k,vkkkkk,5,False
233,11,13,d,pndlftgdpdhld,4,False
234,1,4,r,prrvrrrrfrrrrr,11,False
235,8,9,m,fmmxmmmmmmm,9,False
236,1,2,x,xcpxc,2,False
237,4,16,n,rhbndvjnnsnfnwnnm,7,True
238,2,10,g,fkzwxtqmgm,1,False
239,11,19,p,bpppqpppppplpppphpsr,14,True
240,9,13,g,ggggthggggpjgqgslggq,12,True
241,4,5,m,mzmmxcfwmdpz,4,False
242,2,13,t,tttttttptttts,11,True
243,3,7,q,qqvqqqcqq,7,False
244,6,9,j,jsjjjjccjwjcjjj,10,False
245,7,10,r,rdlrrrrrrr,8,True
246,9,12,r,wrrzsrcrgcbrhqvrhlp,6,False
247,6,7,j,jjxjjzhxj,5,False
248,6,7,m,mmmmmmmm,8,False
249,1,3,m,mldvdmxmbk,3,False
250,10,11,f,ffffnffffkqf,9,False
251,5,17,f,ffffsfffftfffkffn,13,True
252,4,5,b,fbwbhvx,2,False
253,14,16,g,ggggggggthgggggsvd,13,False
254,2,3,s,cvsbw,1,False
255,5,10,g,qltgnfghgcrgpnzdsvng,5,False
256,5,6,p,ppjbpnppxg,5,False
257,3,8,j,lgjrzwdvdnwvrnj,2,False
258,2,4,c,cdcc,3,True
259,6,7,l,llflrhlllgklh,7,False
260,1,2,p,tppp,3,False
261,16,17,g,gggggggvggggggggg,16,False
262,3,14,f,fhfdffftfbggpkfgf,8,True
263,16,18,b,bbbbbbbbbbbbbbbbbbbb,20,False
264,5,10,v,thqvvkvlwvdvjzzst,5,False
265,13,14,p,ppppppppppppptc,13,False
266,11,14,t,tkttczttttsttmcnltm,10,False
267,3,4,w,nvxl,0,False
268,4,6,f,fpflfwftk,4,False
269,4,6,h,xhhhhh,5,True
270,15,17,t,tttttttttttttttlv,15,False
271,10,17,j,jjjjjjjjjsjjjjjjd,15,True
272,2,4,s,jcgs,1,False
273,7,9,q,qsqqjhqndsqkqqpvqqr,9,False
274,2,3,p,tnpplcmdpfn,3,False
275,2,5,c,crvmk,1,False
276,1,7,d,tsmzcgddnddddrdxsq,7,False
277,8,9,c,rlfcpctpncv,3,False
278,6,9,f,tkzfhffdf,4,False
279,13,15,s,sssmsscfvsssdsg,9,False
280,6,8,s,ssjsssjrscsss,9,False
281,7,10,f,fffffffkfff,10,False
282,1,6,k,jqtdhpknkkk,4,True
283,11,12,t,tttttttttttf,11,False
284,9,16,d,swjbddfpfbntmprdd,4,False
285,18,19,v,dvvvvvvvvvvvvvvvkvvv,18,False
286,2,5,j,kjjcqjj,4,True
287,11,12,d,dddddddcddld,10,False
288,14,16,f,fffffffffffffffk,15,True
289,4,7,x,nxxxxxxn,6,True
290,10,18,p,pppppppppppppppppr,17,True
291,8,9,k,ktkjkkkkfvklkz,8,False
292,9,15,h,hhhhhhhhchhhhhhhhh,17,False
293,18,19,v,hvkvvvvvvvvvvvvvvqc,15,False
294,1,8,s,xzbxgsxshgl,2,True
295,2,6,p,ppsjpglptchpzbdhj,5,True
296,6,7,n,nnnnnnnc,7,False
297,2,7,j,jhtjjjjj,6,True
298,11,12,b,vnblqbxkbbwb,5,False
299,4,5,z,czzzcztsz,5,False
300,4,9,x,wxpvxxxfxfxx,7,True
301,9,12,w,wwwwwwwwwgwwww,13,False
302,2,5,k,cntkkq,2,False
303,10,12,l,vljplljlllllllll,12,False
304,1,4,t,tfmvst,2,True
305,6,7,d,rddddddwd,7,False
306,2,6,h,bhvwhl,2,False
307,5,8,c,ccsgccncwgjtcbhccckk,9,False
308,5,6,r,rrrrmr,5,False
309,3,8,h,hcrhhjrbhh,5,True
310,2,4,s,xndshswk,2,False
311,2,7,m,mmrqmmlp,4,True
312,7,9,n,nnnbfpmnfnknxnndn,9,False
313,6,7,f,fvffffb,5,False
314,6,8,h,vhhhhhtk,5,False
315,6,7,j,jjjjjwjjs,7,False
316,1,5,r,rwrrrr,5,False
317,3,4,t,tlzk,1,False
318,2,7,k,kkkkkkk,7,False
319,6,11,q,rqqqqqwflqqjqq,9,True
320,5,7,l,llllglll,7,False
321,6,14,r,rrkrrxrmrrrrrc,10,True
322,1,8,w,lrwpzvhhcwtbrwwpwww,7,True
323,3,13,b,kbjhskpbrwqpbcbbkb,6,True
324,6,9,d,ddddbddhdddddddddmg,15,False
325,14,15,n,nnnnnnnntnnnnhf,12,False
326,2,18,k,cgjpktthdbfxrclqwzpl,1,False
327,5,14,w,wwwwwbfwzwcwcwz,9,True
328,5,7,s,tfhssgrsnbssfl,5,False
329,1,18,l,wdkwkdlslbllllgzfm,6,True
330,1,17,h,jhhhhhhhhhhhthhhhh,16,True
331,7,13,w,wwvwwwwwrwwww,11,True
332,1,3,r,rgrdrx,3,False
333,9,11,t,dnxckkwpttv,2,False
334,2,12,c,cgqxrszcckcd,4,True
335,4,13,q,qkchpbqqtrtdztrq,4,False
336,2,9,d,ddddsddddd,9,False
337,9,19,p,pppppgppppqpppppppp,17,True
338,8,9,l,lllhlllll,8,False
339,7,8,h,hhhhhkhvwbhmh,8,False
340,11,12,w,wwwwwwwwwwwnwwww,15,False
341,2,3,d,jhcd,1,False
342,13,16,n,nnnnnnnnnnnnndnnmnn,17,False
343,6,7,d,dllpddkdd,5,False
344,6,7,n,nnnnnkp,5,False
345,7,14,v,vvbcvrvvkmvvsv,8,True
346,5,7,j,jjjjcjs,5,False
347,4,10,l,ldllllllll,9,True
348,4,5,x,rxxxx,4,False
349,15,16,q,qqqqqqqqqqqlqqqw,14,False
350,13,15,m,mmmmmmmmmbmmzmbm,13,False
351,7,10,k,skkkkkkkkq,8,True
352,9,15,m,mghxpjzqdhjcbmdl,2,False
353,2,4,t,ttsnwzbdj,2,False
354,6,7,s,hqtkgtr,0,False
355,3,4,n,twpknn,2,False
356,1,3,l,wrldlsdl,3,False
357,5,6,l,qlxncf,1,False
358,4,5,s,dvsxs,2,False
359,7,9,t,rktsrfwttttgwtzgft,7,False
360,1,3,l,flsf,1,False
361,6,10,c,cchczccccj,7,True
362,1,3,k,bktw,1,False
363,2,4,h,zdqxgrfkfhljhqhkgmfc,3,True
364,16,17,s,sssssssssssssssvs,16,False
365,4,8,p,plpfmnhsppnpwnx,5,True
366,5,10,k,kkkkknkqkk,8,True
367,4,11,s,nsqnssssvqsm,6,True
368,6,14,j,jjjzjwczkjjjxjjcjjxj,12,True
369,3,7,t,tnnbjjhtd,2,False
370,7,8,l,llllllll,8,False
371,4,11,z,cwsvrtszxrgh,1,False
372,2,11,x,sxcxxxjxrxkxdxx,9,True
373,11,15,m,mmxmbxmmdmmmmfmmfmm,13,True
374,10,13,l,tllllwzlzlrbllllhnp,10,False
375,5,6,k,kkkjkmkkkg,7,False
376,4,7,f,wqqfmffffkp,5,True
377,1,9,b,bbbbbmbbbbhbbdzbbtn,13,False
378,10,12,h,hhhhdwbhhqrhhhdnxhr,10,False
379,1,8,r,qfpnfrrrrz,4,True
380,16,20,b,bbbbbbbbbbbbbbbbbbbb,20,False
381,1,5,c,hwqccmwcctcnclcb,7,False
382,6,13,c,clccccqqcccjczpgj,9,True
383,13,14,j,jjjjjjjjjjjjjh,13,False
384,2,4,j,jkfp,1,False
385,2,7,d,qqxdcdjqg,2,False
386,5,6,r,prrrrd,4,False
387,7,8,l,llllllll,8,False
388,2,3,w,nwlm,1,False
389,9,12,v,vnknxncvgvrww,3,False
390,6,16,s,sjnwfsksnszcglxs,5,False
391,5,17,z,zzmkzzzzzntzjzbwpdjz,10,True
392,12,17,j,ljjjjjjhjjwtjjjjdjwj,14,True
393,8,10,s,dnnjlfkxls,1,False
394,2,6,m,jmmqmdkjm,4,True
395,9,11,m,mmmcmmmfsmmm,9,False
396,14,16,p,ppppptpppphrpxpppp,14,False
397,4,15,d,dfkfxdddldddddddlddp,13,True
398,12,14,q,qqqqqqqqqqqwwgq,12,False
399,1,6,g,tgggggmggggdg,10,False
400,10,18,w,wwwwwwwwwbwjwwwwwt,15,True
401,8,9,t,ttkttcttsrgrzlftpt,8,False
402,3,5,j,jjjjjjjjjjjjjl,13,False
403,17,18,c,ccccccczcccccccccs,16,False
404,4,9,d,hjddddddddm,8,True
405,2,4,x,lxjfp,1,False
406,11,12,v,vvvvvvvvvvjv,11,False
407,1,4,z,fmzblzvzm,3,True
408,4,5,h,hhshhh,5,False
409,3,6,t,ptvrtt,3,False
410,7,15,k,kkkjzkckgckskpkk,9,True
411,12,15,w,wwwwwwwwwwwftwdw,13,True
412,3,5,z,jrhns,0,False
413,5,6,n,pxmnzn,2,False
414,1,3,b,bbbkbbbbbbwb,10,False
415,1,10,r,rrjrqrrwrrrqv,8,True
416,11,12,w,wwwwwwwwwwwwwww,15,False
417,5,6,j,jsjjjp,4,False
418,6,11,h,lhbbvmhwrhh,4,False
419,18,19,q,qqqqqqqcxqqqqqqqqxwq,16,False
420,17,18,l,llllllllllllllllxql,17,False
421,3,4,j,jjljjn,4,False
422,8,10,z,zzzzwnzlzggz,7,False
423,6,7,t,tttttft,6,False
424,11,12,f,ffffffffffnf,11,False
425,2,8,b,hqbbbbbsbb,7,True
426,4,5,w,stljwbxpw,2,False
427,1,2,z,grxfpw,0,False
428,6,8,w,wwwwpwwxw,7,True
429,8,14,z,zqzzzzzvzzzzzzgz,13,True
430,4,11,b,cckgrcmbpvbbw,3,False
431,2,9,d,xqxbdddjds,4,True
432,3,6,x,xxrxxx,5,True
433,15,16,n,nnnnnnnnnnnnnndnn,16,False
434,6,11,x,lqmxxxsxxfxxxxlx,10,True
435,1,12,s,vssssshssmsk,8,True
436,1,16,m,bmgkkmwmmzvmmmmmwflv,9,True
437,3,15,t,thkvttsltnbgztt,6,True
438,9,17,z,zzzzzzzzzzzzzzzzzz,18,False
439,4,6,f,fjwfff,4,False
440,3,9,d,ddddddddd,9,False
441,6,10,k,kjkbkkckxkknqkkdc,9,True
442,6,7,n,nsnckwnmn,4,False
443,7,13,t,ptbtjqttwwtftpntdq,7,False
444,7,10,r,wrhhrrrrrwrrrrvqrms,11,False
445,2,3,c,zcrwhtccb,3,False
446,5,7,m,nnwmmdmmmccv,5,False
447,3,5,j,rtjjmjrjl,4,True
448,5,6,s,dssjhsdmbksrks,5,False
449,16,18,c,ccccclcccclccccccc,16,False
450,7,16,b,qpzgqxdbssmzptrv,1,False
451,6,8,b,bnsbbgdbggxbbszbm,7,True
452,1,10,h,lrpstqvhhhhf,4,True
453,4,6,s,tvssppwvss,4,False
454,3,4,g,qqqhcd,0,False
455,4,7,c,qxcqzccckxcpcxcw,7,False
456,1,13,m,nbwdmspmmwbbmm,5,True
457,1,2,j,xjrczrk,1,False
458,9,10,w,wwwwwwwwwd,9,False
459,2,4,h,hhhq,3,True
460,7,10,j,bjmrrjsjthjnnjjxjjd,8,True
461,3,7,f,srfwwfvf,3,False
462,3,4,b,nbbzb,3,False
463,3,5,n,nnnnn,5,False
464,7,8,f,fxfnfffzpqffgdf,8,False
465,10,12,k,kkpkkkpnkkmkjbkk,10,False
466,9,10,k,jkkkkkkkwqk,8,False
467,4,6,z,rzzzzs,4,False
468,4,7,v,vvvtvvjq,5,True
469,6,12,z,dzjnzczzpzgzzzx,8,True
470,6,8,s,smsvbkswslssrdfjsc,7,True
471,5,7,b,bwbbbbbbr,7,False
472,1,3,d,kddbsmmbv,2,True
473,3,4,b,bbbb,4,False
474,5,8,r,rqrrdrrr,6,True
475,7,8,m,mmmmmmzm,7,False
476,9,11,q,xvnlfvhxqfql,2,False
477,3,4,w,wfwj,2,False
478,1,3,q,gqqcqg,3,False
479,1,2,q,cqlxrq,2,False
480,6,12,s,swwjjssjsstmqfssdh,7,True
481,2,4,q,bqqq,3,True
482,5,6,c,ccccbscgfc,6,False
483,14,15,x,xxcxxxxxxxxxxxm,13,False
484,6,12,f,fzfchfnrxfrdffhfl,7,True
485,14,17,g,gggggggggggggjgpgg,16,True
486,5,8,n,njkcngznn,4,False
487,10,13,d,dddlqddddvddr,9,False
488,2,4,c,xgcg,1,False
489,2,10,s,sxsnsdmszwmsss,7,True
490,6,12,q,qbcqspqqqkqrq,7,True
491,6,16,n,xnnnnnnnnnnnnnnfnnn,17,False
492,6,12,s,tssnssmsssssssssnhr,13,False
493,1,4,v,vwvvv,4,False
494,8,10,h,rzmhhjvqhht,4,False
495,1,4,t,ttjdjftfctt,5,False
496,1,4,k,nkkz,2,True
497,1,2,q,vkvqkqq,3,False
498,9,19,n,qxmjqxnxnblqnnqfgsrd,4,False
499,15,16,h,hhhhhhhhhhhhhhghz,15,False
500,2,5,g,jggpxdgwjpsrv,3,True
501,12,13,c,xccccpccrcccc,10,False
502,1,13,g,nfgbghqrljstggcgq,5,True
503,14,17,g,gggggggggggggmggggg,18,False
504,4,14,s,sssbsssssssssgs,13,True
505,1,10,d,rcxvxcgddnhwd,3,True
506,4,14,g,vccvdldqdgzltq,1,False
507,8,10,z,zzdczzvrzzzzr,8,False
508,5,10,t,ctgtttftqtrbt,7,True
509,3,5,v,vvrvx,3,False
510,9,10,w,wwwwwwwwwwwww,13,False
511,4,6,c,hgccmcccc,6,False
512,16,18,s,ssssssssssstssscsh,15,False
513,2,7,z,zzflfrtdx,2,False
514,4,10,v,vvlsvvvvkrc,6,True
515,10,16,d,ddddwddddbdgdddwd,13,True
516,3,4,v,gkbqbtrv,1,False
517,3,4,h,cjdqvwhhththvx,4,False
518,3,5,b,bbbkbrb,5,False
519,3,5,m,ptkqdgsmbcmmblwp,3,False
520,4,17,q,mlqqgsqqqfqkcqqxqq,10,True
521,6,17,m,mdvqvmmxlmzmvmmdm,8,True
522,1,3,r,hrrtrrrrrrrrrwlr,12,False
523,3,5,j,jjjjhj,5,False
524,11,12,q,dqpqqqqqqnzlqq,9,False
525,8,11,d,dddnddnddtdddd,11,False
526,3,16,d,dpddxtlqsqldrpddq,6,True
527,7,13,z,szhzmmzzzzmzzzz,10,True
528,6,18,h,mkxxqtbnnjgnvxnhhhc,3,False
529,4,5,n,nknfrhpn,3,False
530,16,17,d,dddddddgdddddddddd,17,False
531,14,16,w,wwwwwwwwwwwwwwwww,17,False
532,2,3,t,rttfdstqpdtg,4,False
533,3,4,s,gghrfxbfshqssj,3,False
534,1,9,j,bjjjjjjjhjjj,10,False
535,1,2,p,xmpgppppppp,8,False
536,9,14,k,vqpxrkmskfpnxq,2,False
537,1,5,x,xxxxx,5,False
538,1,14,p,bsxnwvpkphdppphpkwp,7,True
539,5,12,d,xdddmzddfddc,7,True
540,9,10,v,gvvvvvgvhnvw,7,False
541,2,7,x,xxxxxwgsvmqnkxv,6,True
542,3,15,c,ccscccccwccccccc,14,True
543,5,8,w,nsvgwzdf,1,False
544,7,14,w,wwwwwwwwwwwfwswcw,14,False
545,5,10,r,qrrlwcrrwz,4,False
546,7,12,f,hfnphfpjffstff,6,False
547,2,6,h,hqjhmph,3,True
548,3,13,x,cpxxxzcrbjxxxb,6,True
549,4,8,k,kkkkktkkkkfkf,10,False
550,7,10,g,gggghghsgwf,6,False
551,8,9,s,sswswssggss,7,False
552,6,10,l,qlllljllhlll,9,True
553,8,11,c,cccwccrbcbccc,9,True
554,5,6,x,xxxxxxg,6,False
555,1,3,w,cwpww,3,False
556,8,11,v,vvvvvvvvvwvv,11,False
557,1,2,b,bbgl,2,False
558,7,10,b,zbkbcbbbsbb,7,False
559,13,15,t,tttttgtttttttktttt,16,False
560,12,14,x,xxxxxxxxxxxxxqf,13,True
561,6,7,k,kmrkkwmk,4,False
562,4,5,m,mmxjmdrhzkmxxphjmz,5,False
563,2,3,t,tnvtndw,2,False
564,4,5,x,xxtxxtxzf,5,False
565,1,3,m,nwmglfscmwrjtzp,2,True
566,10,11,c,cnccckcckcwdc,8,False
567,14,19,b,tvbmrqtchwblbqbbqbb,7,False
568,9,10,x,fxxxxxxxjxx,9,False
569,4,5,g,gggggkggx,7,False
570,8,12,k,kkkkkfkpkqkwkkk,11,True
571,2,6,v,chpvkvt,2,False
572,4,10,r,rmbjmcrgrrfrtmblhw,5,True
573,4,6,n,rnnwtn,3,False
574,3,10,v,htclcjhjkdv,1,False
575,10,13,w,wwwhhwwwrwwzww,10,False
576,18,20,w,wwwwwwjwwwwwwwwvwtww,17,False
577,7,8,w,phrwbwwmc,3,False
578,16,17,q,qqqqqqqqqqqqqqqqx,16,False
579,2,5,k,kzknsxkkgtvmwlfrmrg,4,True
580,3,4,b,zbbbb,4,False
581,5,8,v,hfclvvpc,2,False
582,3,15,t,ctfthpmgznjnhgtth,4,True
583,1,6,t,httttq,4,True
584,5,6,w,wwxhgww,4,False
585,3,5,m,fmtnmmm,4,True
586,11,17,n,xnnchnzpsmcslvzcn,4,False
587,5,6,m,mmmmcm,5,False
588,1,7,r,rwsgcgvjmtxwkqtr,2,True
589,6,16,m,mmmmmmmmmmmqmmmmmm,17,False
590,5,10,s,sssggssssjsssmsss,13,False
591,9,14,p,ppfppzppnvmpqdvpp,9,False
592,2,4,l,wclwrlrdvh,2,False
593,6,17,g,gggmkglggwgpgkmglt,9,True
594,5,7,z,zzzbzpz,5,False
595,4,5,q,qbqqlzpqg,4,False
596,10,19,h,hhhhhhhhhrhhqhhhhhhh,18,True
597,6,7,m,nfnxmsmhtmhsmmmmgmsl,8,False
598,2,3,m,mkfmmm,4,False
599,8,10,j,xrjdnjjjnjjcjjjjjj,12,False
600,3,6,x,xwrjxhjxx,4,True
601,6,7,z,zzzzzzzg,7,False
602,8,17,k,kkkkkkkkkkkkkkkkk,17,False
603,6,9,n,rnnxnnbwnsnnwn,8,True
604,6,8,m,mkmmmsmm,6,False
605,4,6,q,qqfxqqq,5,True
606,2,8,s,hxmfbkszk,1,False
607,6,7,r,rrrrrrr,7,False
608,2,5,h,hhqzhhhh,6,False
609,5,15,b,bhbvnrbrbblbbhh,7,True
610,12,13,d,ddddddtdddvhddd,12,False
611,5,6,f,fmfcfwf,4,False
612,4,7,j,njqfxjjjqjjvdj,7,False
613,6,9,g,fggkggzgghrv,6,False
614,9,12,b,vbblbxpfrbjbgpwxb,6,False
615,1,8,s,tzcdrktsqjsxssfsssh,7,True
616,10,14,f,fffffffffcffffffffff,19,False
617,13,17,p,pqpppppcpbwpppnprppk,13,False
618,16,17,n,nnnmnnnnnnnnnnnsj,14,False
619,10,16,k,kkkkkkkkkkkkkkktk,16,False
620,8,11,w,wwwwwwwwwwm,10,True
621,2,5,q,qqqqqq,6,False
622,2,7,m,mmmmmxg,5,True
623,2,9,m,mmvlggdmr,3,True
624,3,9,s,wxdbmlcrlpnzmkfdfs,1,False
625,12,16,z,zlxzgznqqfzsqtwc,4,False
626,6,7,f,flvmfffjffbmgfzfgfp,9,False
627,2,3,g,cgggqgxqgv,5,False
628,2,3,f,rffvf,3,False
629,1,8,h,vhhhhhhvhhvhhhhf,12,False
630,6,12,x,vzdxxxgxtxzxxxqc,8,True
631,4,5,w,rwwwwww,6,False
632,7,10,r,brwrcrrkcsj,4,False
633,6,10,q,jvqqqqqqqmq,8,True
634,5,18,v,lvhvvwvvvvvlvlvvmv,12,True
635,6,9,z,zzvzcwlzslhlzqsf,5,False
636,3,6,x,sdknfxvwtcfcjgmv,1,False
637,8,9,l,lqcwlllsllll,8,False
638,1,4,k,dgklv,1,False
639,2,6,q,qqqptfqqqqq,8,False
640,4,7,m,mrmcmmmm,6,True
641,4,5,r,rrrblg,3,False
642,1,8,c,qcccccvntc,6,True
643,6,7,m,mzbxmmmnhmqcmmqvbmcp,8,False
644,2,4,t,ptvqx,1,False
645,9,10,s,gpssssssgss,8,False
646,4,18,b,bbbbbbbbbbbbbbbbbfb,18,False
647,4,5,f,ffffgf,5,False
648,3,6,l,lslglw,3,False
649,1,5,l,ltzlllsdlmrllkvbztvr,7,False
650,15,19,l,llllllllllllllnllll,18,True
651,10,11,j,jjjjpjjjjjncj,10,False
652,2,3,w,wfwgd,2,False
653,1,7,r,vrrrzrr,5,True
654,3,7,k,kkkjckkkgkbtvm,7,False
655,9,12,k,kkkkkrckcrkk,8,False
656,1,6,b,hpbjbvb,3,True
657,6,8,s,ssssssvss,8,False
658,2,4,x,mpxk,1,False
659,6,10,x,xxxmrwhgxxxjx,7,True
660,7,8,x,xxphxxxxx,7,False
661,6,19,n,mdrlnnpnjndqgnkfwnnn,8,True
662,2,5,q,qjwtbmkhtnxm,1,False
663,15,17,j,xjjjjjbjqjjjjjjqjjjw,15,False
664,5,7,x,pxxxxsxxsxx,8,False
665,3,6,t,ttttrp,4,True
666,8,11,f,fffffffffrkzf,10,True
667,6,8,r,glsprkbp,1,False
668,10,12,m,mmmmmmmmmmmsm,12,False
669,13,14,z,zzszzzszzbzzzplzzz,13,False
670,19,20,c,ccccchwccccccccccncb,16,False
671,7,12,z,qzggglzlhshnrwt,2,False
672,12,14,z,zzzzzzzzhzzwzc,11,False
673,1,2,s,sssl,3,False
674,1,3,q,fsqmwq,2,True
675,1,6,z,zmzztzkzznmflqffz,7,False
676,9,11,b,bwbbjbbbtlbbn,8,False
677,4,6,s,nktszz,1,False
678,2,5,j,nqjhjkb,2,False
679,7,16,l,lrlllllllmllswlsl,12,True
680,2,3,f,fjqvfff,4,False
681,7,15,w,hwxghddqwwwwwww,8,True
682,2,4,z,zgzfx,2,False
683,5,6,h,vhhjhthh,5,False
684,13,14,h,hhhhhhfhhhhhhhphhhh,17,False
685,16,17,k,kkkkkkkkkkkkkkknx,15,False
686,7,15,l,dllllllmlllfllf,11,True
687,2,6,w,mtkwwwww,5,True
688,2,7,k,zpkkgldk,3,True
689,7,9,d,htmtjddddddqvddcd,9,False
690,4,9,v,rvfbbwzdwcvvqv,4,False
691,6,11,m,mmvmbvmmmsmmlmmm,11,False
692,3,8,p,xpxppsgpbxp,5,True
693,2,6,f,vffbszhvvrdfkxc,3,True
694,8,11,v,lvrrlvvqqvr,4,False
695,5,17,h,hdhhbhhzhhhhhhsbl,11,True
696,8,10,f,fhgffgfrfqtf,6,False
697,9,12,s,ssssfssdpssswf,9,False
698,9,12,m,mmmmmmmmpzgmmm,11,True
699,7,9,l,zlmllvwlllldl,8,True
700,8,11,m,mmdmfmmdxbmxbmm,8,False
701,1,4,m,fklssmffwzgqcvdpm,2,True
702,13,14,c,cczcccccccccccc,14,False
703,5,9,f,frtkfpffsfff,7,True
704,5,8,f,ffffgffr,6,True
705,3,8,m,mmxsmmmb,5,True
706,1,6,m,mdmmmm,5,True
707,1,2,h,hhdtmhwfpt,3,False
708,4,14,d,dmrkdvddmdsdddbsgd,9,True
709,6,7,c,cxccgcccc,7,False
710,6,12,v,xcqvjvvsdvvvpv,7,True
711,11,14,d,gltkjvddwjdkrln,3,False
712,2,13,f,ggffllflfbfffqkfmf,9,True
713,10,13,c,xkvcccccrmccccc,10,False
714,17,19,q,qqsqqqqqqqqqqqqqfqmq,17,False
715,8,10,t,ttttlttwtlt,8,False
716,4,5,f,wffrd,2,False
717,2,16,v,tvhvvqvrvvvvvvqvvf,12,True
718,2,4,c,cccc,4,False
719,3,8,z,zrzzpzlzzhsdxqqfx,6,True
720,6,10,k,kkkkkkkkkk,10,False
721,5,7,r,rvrrvrz,4,False
722,14,15,w,wwwwwwwlwwwwncwvwjk,13,False
723,6,11,q,qfhxqqgqqqsvcpr,6,False
724,4,7,f,kflfffzff,6,True
725,2,14,t,rtttttptlxsttt,9,True
726,11,15,t,ttttttttttftbvqttt,14,True
727,6,10,c,cckwlchltchcczgw,6,False
728,3,8,s,ssssvsqnss,7,True
729,1,8,h,mhhhhrhhh,7,True
730,13,15,b,bbbbbbbbbbbbbbnb,15,False
731,15,17,p,dpppppppppspppcps,13,False
732,5,12,l,xbfjglklphtl,3,False
733,2,4,v,vvvvbvwpvvvrv,9,False
734,3,5,k,plhjkkqkskz,4,True
735,6,12,z,zzzzzczzzzzk,10,True
736,2,3,j,xvjljj,3,False
737,6,7,r,rlrrrrrrzrrzrrr,12,False
738,1,12,t,mqrkgpktbsqxg,1,False
739,10,13,z,pzmzzxpnzxpgzzzhzz,9,False
740,5,13,s,gslsskvgxssssnpj,7,True
741,10,14,m,mmmmmmsmmmmmmk,12,True
742,2,5,b,tnbdsfwdzxrkjdb,2,False
743,2,15,h,hnxhzhmhhhhhwwb,8,True
744,1,4,c,ccccccc,7,False
745,9,10,b,bbbbbbbbbl,9,False
746,4,5,j,jsjjj,4,False
747,3,6,n,xmmnppbn,2,False
748,11,12,m,mmmmmmmmmmmm,12,False
749,2,4,r,jrgrcpvgctrrr,5,False
750,3,4,g,gggr,3,False
751,14,17,n,nhnpnnnnznnnnnnnknnm,15,True
752,4,5,k,krkkf,3,False
753,11,17,h,hhdhhhhhhhhghhkhx,13,True
754,5,19,q,dqbcqqqqsqqzqqqqqqv,13,True
755,5,16,t,ttrkttttstwttttqdt,12,True
756,11,18,h,dhhhhhhhhjhtjhhhhhh,15,True
757,5,8,c,ccccrccfc,7,True
758,1,3,v,nvvnv,3,False
759,7,12,m,prmmzmtmmmssdmmmmt,10,True
760,15,16,r,rrrrrrrrrrrrrqfr,14,False
761,7,19,b,djbbbbqjbdtbslbgbbmb,10,True
762,10,13,w,wwwwwwwwwwwwww,14,False
763,5,15,p,mbpcjqmmhpppkfmrbcww,4,False
764,2,4,n,nxbjknms,2,False
765,5,11,s,hxhcsldmxshdksvsss,6,True
766,12,16,q,qqqqqqqpqcdqqtwkqvq,12,False
767,2,7,j,tjlpcjjjjnj,6,True
768,6,7,s,ssssskm,5,False
769,1,4,t,tttttx,5,False
770,5,10,q,pqmnqrlqchbjzqqvq,6,True
771,11,15,q,qqqqqqqqqqhqrqqrqq,15,False
772,3,5,k,jhkgkxkqfskg,4,True
773,14,15,f,ffvffmfffffffsffqm,13,False
774,4,5,x,xxfxhfxx,5,False
775,2,4,b,ktbv,1,False
776,3,4,t,wjtwxvxctrcttb,4,False
777,1,3,s,shssg,3,False
778,8,12,z,skkzbdpzdkzzz,5,False
779,1,3,f,rlfffqft,4,False
780,5,8,s,fsrcnjsgsmgs,4,False
781,7,17,v,vvvvvvvvvvvvvvvvvvv,19,False
782,4,5,k,kklmq,2,False
783,8,17,h,hhhhhlvghwkhrfzhxh,9,True
784,17,18,n,nnnnnnnnnnnnnnnnnn,18,False
785,3,10,h,mhhhhrhznwvhh,7,True
786,8,9,x,xmxxxxxxx,8,False
787,4,5,p,ppppk,4,False
788,11,13,t,tttttttttttjtcn,12,True
789,3,4,q,qqvhz,2,False
790,3,8,l,gbpqclnkwlhdlml,4,True
791,12,13,f,fffffffffffrf,12,False
792,3,11,s,ssjssssssslssss,13,False
793,6,7,b,bbbbbwbb,7,False
794,7,9,r,krrrrrfrj,6,False
795,13,14,b,bbbbbbbbbvbbbp,12,False
796,2,4,x,ltgbx,1,False
797,7,10,r,smrrrrkjrrr,7,False
798,3,7,n,vnqpngjdgrw,2,False
799,7,18,t,ttltqtsktrjgxtqhtt,8,True
800,2,5,v,dvvxbvvvnk,5,False
801,2,5,n,nnnnnpn,6,False
802,1,3,t,nttmtx,3,False
803,3,4,z,zpszz,3,False
804,1,12,p,pmpxphlpppppppqppp,13,False
805,3,4,v,qvvvvvv,6,False
806,9,12,g,gwgggggggtgqgg,11,True
807,2,4,n,knpn,2,False
808,3,13,d,hncbdrvpddddcfddd,8,True
809,5,9,s,ssnspslslsfkpskss,9,False
810,1,2,s,ssczgkvtlp,2,False
811,5,6,p,pmvpzpppkm,5,False
812,1,4,j,jjhr,2,True
813,5,6,s,ssssxl,4,False
814,1,3,t,ttrt,3,False
815,16,18,n,nnpnnnnnnnnnnnnnnnn,18,False
816,4,5,n,nnfnl,3,False
817,1,4,b,bbbb,4,False
818,7,8,l,nljlllkhl,5,False
819,11,12,n,nnnnnsnnnnnnnpn,13,False
820,5,10,k,kkkkckkkkhkkkkk,13,False
821,7,10,s,zfsssfldxsvqsxdsqs,7,False
822,5,6,q,qqqqqp,5,False
823,6,7,q,qqqqqqq,7,False
824,14,16,w,wwdhmwwjwwwwnwwlwwwv,13,False
825,8,9,l,llllllldll,9,False
826,12,14,c,ccrccccccccrcccccccc,18,False
827,1,3,n,qnwnh,2,True
828,1,4,l,mlll,3,True
829,1,3,s,sssssss,7,False
830,4,15,h,mhclhhhjllhhhgh,8,True
831,15,16,x,xxxxxxtxxxxxtxttxx,14,False
832,2,4,r,rmjh,1,False
833,6,9,z,zzzzzpszt,6,False
834,17,18,n,nnwnnnnnnnnnnnnnppnn,17,False
835,8,11,v,vmvmvlvbvvvvv,9,True
836,7,8,b,bbbbbbdf,6,False
837,2,5,k,kkdkk,4,True
838,8,9,d,dddsldddvxlhd,7,False
839,7,8,h,hhhhkhxshxhn,7,False
840,12,14,c,vcchpxcnmgkctpqcc,6,False
841,1,5,w,wwwwww,6,False
842,1,2,x,xdmk,1,False
843,1,9,p,pbfvrdpqqn,2,True
844,2,4,s,mtnvzhnzs,1,False
845,4,6,t,cttxvtttx,5,True
846,4,8,t,qttmtzttkwftrjk,6,True
847,7,9,c,cccccccccc,10,False
848,2,18,j,zjjqxjfqqlmjrjhjqx,6,True
849,2,5,q,qmkqgq,3,True
850,5,11,k,kkkkkkslzkkkkkrx,11,False
851,16,18,h,hhhhhhhhhqhthhhvhh,15,False
852,5,13,h,hhfhhhhhmhhshhhhhhh,16,False
853,10,12,r,rkrrrrrmrrrrrr,12,False
854,8,10,n,rnnckhmjnxmfggsgtnnn,6,False
855,19,20,c,qsccznccccccnccccccq,14,False
856,1,4,k,wtkck,2,True
857,7,8,s,sssmssjssss,9,False
858,3,5,l,llslv,3,False
859,3,7,t,tvgjqgjbvtgpkt,3,False
860,13,15,b,bbbbbbbbqbblrbbb,13,False
861,9,10,z,zzzzzznzzb,8,False
862,6,16,c,kpcnsccgccxfwccl,7,True
863,2,3,d,ddbd,3,False
864,10,16,v,vvvvqrvvsvvvvvvl,12,True
865,3,12,d,dzdxxhddnlkddddk,8,True
866,8,9,b,khbbbfbbbbb,8,False
867,11,12,z,zzzzzzzzzzzz,12,False
868,5,15,n,bnlvnnrjbnqlnnn,7,True
869,1,2,q,mqqpzjc,2,False
870,11,13,h,hhhhhhchhhhjhh,12,True
871,8,11,x,nxfcxbjqxdlcxxxkxxx,9,True
872,14,18,v,vvbqvvvvvvvvvvvvvvvv,18,False
873,7,8,f,pgtlfffmjffnt,5,False
874,10,18,m,mnkrmmmmmqmmmmmmmjm,14,True
875,1,4,l,lghlhcnwprlgvw,3,True
876,3,4,p,npxplpwl,3,False
877,12,15,s,sfkwnvsssvssssfsssrp,11,False
878,3,7,z,ztqnzlxjmzzbjfnxcw,4,True
879,17,18,q,qqqqqqqqqqqqqqqqqq,18,False
880,3,6,z,jczztzzbhmzzw,6,False
881,3,7,f,skffttjffqfnchfrf,7,False
882,4,6,m,hmqmcrmw,3,False
883,10,11,t,dftttqttttttl,9,False
884,7,13,p,spxnpgtzpppjpwppptp,10,True
885,8,9,q,jqxqqqqxqq,7,False
886,3,4,h,hhhh,4,False
887,10,13,z,pgzxhxxpzzssj,3,False
888,5,9,x,xfrdmjxmrxrqjpxbfxxx,7,True
889,8,17,d,ddpddddddddsgddzddn,14,True
890,1,4,g,vggdggggggggggggggg,17,False
891,10,12,m,mmdqsmwvjjmv,4,False
892,2,7,s,ssqsssk,5,True
893,13,14,n,nnvnnnnnnnnnsgnn,13,False
894,2,16,k,kkkkkkkkkkknkkkk,15,True
895,3,6,p,dprphc,2,False
896,2,10,k,mpkstkxkdb,3,True
897,2,3,s,ssxs,3,False
898,9,19,t,ttjttjttrtsqtmttttt,13,True
899,4,5,j,jrjjtsjjd,5,False
900,6,7,x,xxxpxjx,5,False
901,13,15,q,fqfqqqqhqcqfqqbqqq,12,False
902,1,3,z,zfgrzl,2,True
903,6,8,n,nnnnnphm,5,False
904,1,8,b,bbbbbbbbb,9,False
905,4,5,h,thhgj,2,False
906,4,8,v,vvvcvvvp,6,True
907,8,9,t,ktttttttt,8,False
908,3,4,f,wftbcfnmhkfdpjbns,3,False
909,6,7,v,vvvvvlv,6,False
910,16,17,z,zzzzhfzzzzzzkzzzwzzz,16,False
911,1,2,q,qqqfq,4,False
912,10,11,p,zpjzcppvcppppppppj,11,False
913,10,15,c,vlccbcgcclcczfcfcc,10,False
914,11,17,t,tsntktwzhsfttfwtx,6,False
915,1,7,h,nhhhhhb,5,True
916,6,13,b,bbbphnbbwbbbb,9,True
917,8,9,x,xgxxxlxfxx,7,False
918,14,16,m,mmmmmmmmmmmmmmmm,16,False
919,3,4,x,xxbxx,4,False
920,6,9,c,xkccsfccrccv,6,False
921,10,18,h,jphhbshwghrxpnhnlhxh,7,False
922,6,10,f,nlxbgvftfh,2,False
923,3,4,p,ppwf,2,False
924,1,6,s,kjwjwshcnqwxgwslvl,2,True
925,2,3,m,mmlk,2,False
926,2,3,g,gmgg,3,False
927,3,6,r,rrrvrmr,5,True
928,1,6,s,szgpksczqd,2,True
929,12,14,t,ttttttpjvtqwtltt,10,False
930,1,2,r,hrrrrvrrzj,6,False
931,1,13,m,xmmmmmsmmmcsnmmmmfmm,14,False
932,10,11,f,fffffffffsf,10,False
933,13,15,d,ddddddddddddhdq,13,False
934,7,14,k,jkkkkkkkrkmkkkk,12,True
935,6,9,g,ggggggggg,9,False
936,14,16,l,lllllllvlllllwtx,12,False
937,1,3,g,ggggt,4,False
938,3,4,m,mmkd,2,False
939,5,10,g,jgsgvggwggj,6,True
940,17,18,p,ppppppppppppppphpp,17,False
941,1,2,q,qqjwhq,3,False
942,2,6,q,qqgqqzk,4,True
943,11,16,t,ttwttttttctttthgt,13,True
944,1,5,m,zmmmsm,4,True
945,12,16,r,rrrrrrrrrqrgrrrj,13,True
946,4,5,v,xcvvghvrczpcgn,3,False
947,1,3,x,xbfmxxfxxf,5,False
948,3,5,j,hjbjm,2,False
949,5,14,l,lllltlllllqllll,13,True
950,3,4,x,xsxnxgtx,4,False
951,6,18,g,gggggggggggggggggd,17,True
952,8,12,t,tgttttqtcttttt,11,True
953,4,6,p,pppppd,5,True
954,6,7,x,xxxxxxx,7,False
955,3,4,c,fdcclrccccvg,6,False
956,11,12,v,vnvvvvzdvcrk,6,False
957,1,9,z,zztzqzzzzcz,8,True
958,1,12,v,vmvvvvvvvvvmvvvv,14,False
959,9,16,v,vvvvvvvvvvvvvvvf,15,True
960,2,7,h,xhtsfmvthhhrhdhhbbc,7,False
961,5,6,c,qkccccd,4,False
962,8,12,z,zzzzzzzjzzhbzz,11,True
963,2,4,n,shlnnkxn,3,True
964,19,20,v,vvvvvvvvvvvvvvvvvvcv,19,False
965,7,8,h,hhkhhhkhh,7,False
966,5,19,p,sxslgwvkszswqxtqpvf,1,False
967,5,8,m,mmmmmrmbm,7,True
968,2,5,j,jrnjjzjfhjdkjqjtkwk,7,False
969,7,13,f,ffffffsfffffwfff,14,False
970,6,9,w,wmwwdwwwsz,6,False
971,12,15,f,nsffpfsdsjsfsffk,6,False
972,13,16,k,kkkkkkkkkkkkkkhw,14,True
973,6,17,s,ssssslssssssssssss,17,False
974,3,5,c,srdscnncclqqcncsw,5,False
975,9,11,p,pkppppppppp,10,True
976,5,10,q,qqqqqqqqqpqq,11,False
977,12,14,n,nnnnnnnnnnnnnn,14,False
978,6,11,h,hhhhhqhhhhhvhhhh,14,False
979,2,12,f,fgfrpzcstfffffxff,9,True
980,2,12,n,nnxmnmnnnnknrpmnv,9,True
981,6,7,m,jmmmmcnpkm,5,False
982,4,6,v,mvkcwvmvvjvrvlv,7,False
983,18,20,h,hhrmbrhhhhlhhvhmhhhb,12,False
984,9,13,g,ggggggzgggsgfgxg,12,True
985,9,15,m,pmmxmmmmmmmmmmm,13,True
986,1,7,l,zlmsmlxpvvlzv,3,True
987,2,15,g,sslggkdglqgxpgkx,5,True
988,17,18,c,ccccccccccccccccmc,17,False
989,10,11,w,wwwwwpcwwwpwwd,10,False
990,3,5,w,wwwwk,4,True
991,8,9,f,vfbvffsfcf,5,False
992,4,6,r,rrrrrr,6,False
993,2,4,n,nrnknn,4,False
994,1,4,l,lxllllll,7,False
995,10,11,f,qdfwvfffdfvwffgfkfgf,10,False
996,3,4,b,xgxbdqxbfvzrl,2,False
997,2,8,b,pbbkbbgbxr,5,True
998,1,2,d,ddxdnv,3,False
999,4,8,d,dndfcnhd,3,False
